[{"name":"aaaaaaaaaaaaa","address":"aaaaaaaaaaaaa","cuisine":"aaaaaaaaaa","website":"http://aaaaaaaaaaaa.com","description":"aaaaaaaaaaa","id":"cf41ef7a-4661-4289-9f8c-cf3fb95e3489"},{"name":"bbbaaaaaaaaaaaa","address":"bbbaaaaaaaaaaa","cuisine":"abbbaaaaaa","website":"http://bbbbaaaaaaaaaaa.com","description":"bbbaaaaaaaaa","id":"6fc0a7ce-7845-4289-80a5-f75327717c07"},{"name":"xxxxxxxxxxxxxxxxxxx","address":"xxxxxxxxxxxxxxxxx","cuisine":"xxxxxxxxxxxxxxx","website":"http://asdasdas","description":"xcccccccccccccc","id":"0aca1b93-8f04-4eb6-a268-a16eb5890978"},{"name":"aaaaaxxxxxxxxxxxxxxxx","address":"xxxxxxxxxxxxxxxxx","cuisine":"xxxxxxxxxxxxxxx","website":"http://asdasdas","description":"xcccccccccccccc","id":"711d5f9f-ba82-470f-b49a-f8267c38e4c4"},{"name":"aasdasdasdsaaaaaxxxxxxxxxxxxxxxx","address":"xxxxxasdasdasdaxxxxxxxxxxxx","cuisine":"xxxxxxxxasdasdxxxxxxx","website":"http://asdadsasdasdas","description":"xcccccasdasdccccasdasdcccc","id":"ce404aaa-515a-48bd-827c-350a4359a304"},{"name":"asdasd","address":"asdasda","cuisine":"asdasdas","website":"http://asdasdas","description":"adasdasd","id":"e82ea8bf-b169-42c7-afd9-193e8c3bb1b9"},{"name":"weasd","address":"asdasdasdasd","cuisine":"asdasdasdasd","website":"http://asdasdas","description":"adasdasdasd","id":"ef68d2b4-f86b-47c0-b790-6b07be95c562"}]